{
	"picTitle" : "测试热点图",
	"picWidth" : 1920,
	"picHeight" : 1200,
	"hotSpots" : [
		{
			"id" : 1001,
			"x" : 160,
			"y" : 140,
			"label" : "这是第一个点",
			"pointPath" : "/filePath/fileName.extension"
		},
		{
			"id" : 1002,
			"x" : 190,
			"y" : 230,
			"label" : "这是第二个点",
			"pointPath" : "/filePath/fileName.extension"
		},{
			"id" : 1003,
			"x" : 90,
			"y" : 100,
			"label" : "这是第三个点",
			"pointPath" : "/filePath/fileName.extension"
		},{
			"id" : 1004,
			"x" : 260,
			"y" : 100,
			"label" : "这是第四个点",
			"pointPath" : "/filePath/fileName.extension"
		}
	] 
}