[
	{
		"id" : "101",
		"name" : "上海徐汇区大众汽车维修站",
		"address" : "徐汇区浦北路1号（沪闵路）",
		"linkTel" : "(021)62442560",
		"latitude" : 31.1740934013682, 
		"longitude" : 121.425490611726,
        "postCode" : "200012"
	},
	{
		"id" : "102",
		"name" : "上海普陀区大众汽车维修站",
		"address" : "普陀区西谈家渡路13号（曹杨路谈家渡路）",
		"linkTel" : "(021)62442560",
		"latitude" : 31.1633972154732, 
		"longitude" : 121.535491609408,
        "postCode" : "200012"
	},
    {
        "id" : "103",
        "name" : "上海闵行区大众汽车维修站",
        "address" : "闵行开发区东川路180号（东川路）",
        "linkTel" : "(021)62442560",
        "latitude" : 31.0733972154732,
        "longitude" : 121.333491609408,
        "postCode" : "200012"
	},
    {
        "id" : "104",
        "name" : "上海浦东新区大众汽车维修站",
        "address" : "浦东新区唐安路18号（唐安路）",
        "linkTel" : "(021)62442560",
        "latitude" : 31.0333972454732,
        "longitude" : 121.533491609408,
        "postCode" : "200012"
	},
    {
        "id" : "105",
        "name" : "上海嘉定区大众汽车维修站",
        "address" : "嘉定区唐安路120号（唐安路）",
        "linkTel" : "(021)62442560",
        "latitude" : 31.133972454732,
        "longitude" : 121.583491609408,
        "postCode" : "200012"
	},
    {
        "id" : "106",
        "name" : "上海杨浦区大众汽车维修站",
        "address" : "杨浦区唐安路12号（唐安路）",
        "linkTel" : "(021)62442560",
        "latitude" : 31.233972454732,
        "longitude" : 121.683491609408,
        "postCode" : "200012"
	}
]