<?xml version="1.0" encoding="UTF-8"?>
<QCARConfig xmlns:xsi="http://www.w3.org/2001/XMLSchema-instance" xsi:noNamespaceSchemaLocation="qcar_config.xsd">
  <Tracking>
    <ImageTarget name="fadongjilengqueye_01" size="320.000000 426.666656" />
    <ImageTarget name="zishiyingxunhangxitong_00" size="320.000000 240.000000" />
    <ImageTarget name="zhongkongtaixiabushitu_03" size="320.000000 331.870972" />
    <ImageTarget name="zhongkongtaixiabushitu_02" size="320.000000 341.895691" />
    <ImageTarget name="zhongkongtaixiabushitu_01" size="320.000000 304.277466" />
    <ImageTarget name="qichexudianchi_00" size="320.000000 426.666656" />
    <ImageTarget name="xinxiyulexitong_01" size="320.000000 240.000000" />
    <ImageTarget name="xinxiyulexitong_00" size="320.000000 240.000000" />
    <ImageTarget name="yibiao_01" size="320.000000 240.000000" />
    <ImageTarget name="zishiyingxunhangxitong_01" size="320.000000 426.666656" />
    <ImageTarget name="qichexudianchi_01" size="320.000000 240.000000" />
    <ImageTarget name="zidongkongdiao_00" size="320.000000 240.000000" />
    <ImageTarget name="chedingbushitu_03" size="320.000000 426.666656" />
    <ImageTarget name="diandongchechuangshengjiangqi_03" size="320.000000 240.000000" />
    <ImageTarget name="chedeng_04" size="320.000000 240.000000" />
    <ImageTarget name="zhidongye_00" size="320.000000 192.072479" />
    <ImageTarget name="fadongjilengqueye_00" size="320.000000 238.908386" />
    <ImageTarget name="fadongjicangzuoyezhunbei_03" size="320.000000 240.000000" />
    <ImageTarget name="fadongjicangzuoyezhunbei_02" size="320.000000 240.000000" />
    <ImageTarget name="yibiao_00" size="320.000000 240.000000" />
    <ImageTarget name="fadongjicangzuoyezhunbei_01" size="320.000000 240.000000" />
    <ImageTarget name="fadongjicangzuoyezhunbei_00" size="320.000000 240.000000" />
    <ImageTarget name="yibiaoxinxixianshi_02" size="320.000000 240.000000" />
    <ImageTarget name="zhongkongtaixiabushitu_00" size="320.000000 240.000000" />
    <ImageTarget name="chedingbushitu_00" size="320.000000 426.666656" />
    <ImageTarget name="yibiaoxinxixianshi_01" size="320.000000 240.000000" />
    <ImageTarget name="yibiaoxinxixianshi_00" size="320.000000 240.000000" />
    <ImageTarget name="chedeng_03" size="320.000000 240.000000" />
    <ImageTarget name="chedeng_02" size="320.000000 240.000000" />
    <ImageTarget name="diandongchechuangshengjiangqi_01" size="320.000000 240.000000" />
    <ImageTarget name="diandongchechuangshengjiangqi_00" size="320.000000 240.000000" />
    <ImageTarget name="chemenshitu_00" size="320.000000 240.000000" />
    <ImageTarget name="chemenshitu_01" size="320.000000 179.148666" />
    <ImageTarget name="chechuangboliguashuiqi_00" size="320.000000 240.000000" />
    <ImageTarget name="chechuangboliguashuiqi_01" size="320.000000 240.000000" />
    <ImageTarget name="chedeng_00" size="320.000000 240.000000" />
    <ImageTarget name="chedeng_01" size="320.000000 240.000000" />
  </Tracking>
</QCARConfig>
